Reviewer Name,Review Date,Review Content
Bertel Buehring,2026-02-12,"Bad quality of items is one thing, but working together with a incompetent shipping company like J&T is  another thing. J&T is lying about delivery attempts and ask you to pick up the parcel miles away from your delivery dpadress. LAZADA? No thank you...until they have a better shipping company!"
May,2026-02-10,Bad bad bad . A waste of time . Lazada Malaysia doesn’t honor  their free return guarantee even with plenty of evidences showed. Yes they are bias! Avoid and go other platform if you can. Other platforms can buy the same products .
GraceL,2026-02-10,Why choose Ninja van Malaysia as your delivery partner. My parcels are stranded the second time. Your Cleo chat is also the most hopeless customer service. Please terminate your Cleo chat as you are wasting everyone's time
J Chew,2026-01-28,"If I have a chance to place a no star, i will do so without much hesitation. Worst company when it comes to expedite and facilitate the transport and the delivery of goods to the end customer. I ordered a piano over Rm 4k from LBS Music World and the item arrived at thier Subang Jaya hub within two working days from the date of order. They sat on it for 10 days from the actual date of delivery to the orphanage home in Klang. Absolutely disgusting and low graded company despite making millions of revenue. How could you even trust them to deliver goods for a value more than Rm 10k?  The irony thing is they couldn't do a simple job, thus, making the children waited for their piano for more than 10 days. What a heartless bunch of idiots, like a mickey mouse company."
Tan Sze Qi,2026-01-05,"everything about this website is trash. customer service is useless. i have been waiting two weeks for my item. it reached malaysia one week ago but they still have not delivered but will lie on their website that they have attempted delivery. when you contact customer service, they tell you that the courier was “overloaded”. anyway you can contact them over and over again and they will do nothing and they will lie about delivering your items. do not shop here."
Tiffany Peter,2026-01-04,"I got a fake new balance shoes from a lazada official shop in lazada Malaysia. The customer service is not helping at all, the link of the seller became unfound in the lazada website."
Sa Pe,2025-12-25,Lazada is not reputable
Jadwiga Clissold,2025-12-18,"Lazada will send you a different item to which you ordered then reject any refund,  Buyer Beware."
Yasuo Aji,2025-12-03,Don't buy to this site. The courier will spoiled your things and you cannot get refund. You will not get a fair solution from them. Scam site. You will regret. Believe me.
Cindy Morrison,2025-11-08,SCAM WEBSITE DO NOT BUY!!! I would give negative stars if it would let me!! Items do not match the pictures they are cheap crappy rip offs!! No refund will be given as they say what you ordered was what was sent!! I’ve lodged a refund with PayPal as their customer service is absolute garbage!!!!
William ervin,2025-10-25,Everything is a scam. Lazada promotes and protects scammers
angie yap,2025-10-13,"Lazada Malaysia's service is terrible. I bought 6 items but only received one. I can't find a life chat customer service representative either from the seller or Lazada. I can only talk to a machine customer service representative, and the answers are always the same."
Ahmed Imran,2025-10-08,"this is the most ridiculous and annoying website so far, when i try to login it says your password is wrong and after i reset with the code it says the code is wrong as well for security reasons and to contact support and now i cant even contact them, when i try the chat feature it automatically loads to the login screen this utter bullshit,  i have my own account and i bought things from this site, so many times and yet after a few days they do this time and time again, shittiest service so far, AVOID AT ALL COST"
Doc Fazzah Karim,2025-10-07,"That company lack customer service. Whateverr they have is a very unfriendly and rigid service. Complaits go thru chatbot! A robot! They did not want to take responsibility to refund an item they did not send at all! I have made efforts to request for a refund from the seller and also from Lazada. But unsuccessful. After 2 written requests for refunds, it was denied! 1/10/2025 and 3/10/2025. I even showed the online transaction payment and still they said they want more proof. Even the courier guy came to my house and admit that he did not deliver the missing item but he had sent other boxes of other items i bought. This is a blatant refusal which i look as a scam business. I will longer use the Lazada app. So very disappointed!"
Polly Rahman,2025-09-25,"TERRIBLE, TERRIBLE, TERRIBLE. Poor service, poor communication, poor quality, poor customer service, poor refund policy (despite having valid reasons and evidence). It's a total scam!"
Ian Sharp,2025-09-13,"Lazada is the worst seller app I have ever experienced; it is as if it was designed by a child. Cheesy cartoon icons, the unwanted promo popups, the confusing layout and the generally unprofessional look. Then you have Lazada coins, Lazland prizes, daily rewards, get rid of all that crap and concentrate on the one thing you do reasonably well, sell items."
Luis Limchiu,2025-09-09,I ordered an item from abroad 5 item the courier pick it up and it has been on the delivery facility since 6 days ago with no update and already beyond the promise delivery date. I call and message chat that I want a refund as clearly their advertisement show no delivery the they will refund.. yet there is NO OPTION FOR REDUND SINCE IT IS NOW ON THE COURIER BUT THE COURIER HAS NOT DELIVERED IT. So apparently they just want me to wait forever for an item that may not be delivered at all. And I get no refund.. CLEARLY FALSE ADVERTISING AND I THINK ILLEGAL
Rachel Wong,2025-09-06,"Never received call from customer service to resolved problem regarding goods ""free return""..All through email asking for an evidence..Once given.,still not satisfied and keep asking again the same thing to pretend and to avoid the buyer to return the product to the seller..Never give a call to buyer asking the actual issued or negotiating  with buyer to resolved problem that buyer facing..Try to protect irresponsible seller and void buyer ""free return""product..At the end of the day..,buyer will trap from seller and Lazada agent/app because ""Free Return"" sound good to be believe but not for all..""So beware""...Really worst..!!"
Truth Revealed,2025-09-01,Include an UNSUBSCRIBE button in your annoying marketing emails! It is ILLEGAL and considered spam. I hope someone reports this company.
Victor,2025-07-02,"I can confirm like so many people, Lazada is full of bad products, some scammers, and :- Support mission seems to be to piss-off and to lose valuable customers !It's like they barely read the messages (and all support could easily be chat-bots considering the extremely low level of interaction), and automatically resent the same non-answers...Pathetic."
HappyDay Winter,2025-06-20,"Lazada blocked my reviews when I rated them 1 star.I didn't receive my order after 5 weeks with status IN TRANSIT. Lazada didn't attend to my problem and rejected my request of refund.Months ago, the seller delivered 1 pack of tissue paper while I ordered a writing table and they marked delivered in the system. When I complaint to Lazada, with photo  evidence they ignored it too. And my reviews was blocked also.With this 2 issues, I lost rm200++.In this aspect, Shopee is much more better as they will investigate. And take action and refund."
Phil James,2025-06-05,completely and utterly fake items sentI ordered 4 x micro sd cards for my DJI pocket 3 and action 5 pro. I even ordered from 2 x suppliers incase I got a fake one and all of the cards I tested and all were fake. No serial numbers on 2 and the other 2 had the same serial numbers. Tested on h2testw_1.4 and showed they were slow speeds.Final test was putting them in the cameras and they just came up saying they were to slow to work on the devices. Wasted an entire day staying in for these and now I have to return them to waste more time. Then to top it all off I paid cash so I only get a voucher to use on an app I will never use again... This is appalling and apps like this need to be banned from app stores.
Jenny Talya,2025-05-28,"Overall experience with Lazada has been pleasant thus far. Everything functions as expected.FeaturesIncentives such as coins (when you review items) can help you get items for cheaper, even more so when it’s on a special sale.There’s an ‘Ask the Buyers’ feature that comes in handy when needing more information before purchasing a product - past buyers will be able to answer those questions. It’s a nice community thing that I’m all for.Lazada CHOICE lets you get discounted add-ons (upsell) when you buy x amount (I’ve thus far encountered Buy 5 Get X) Website experienceFair. It could be a bit hard to search for items compared to the app but everything else was alright. UI isn’t cluttered by any means and it sticks to a simple grid system, but it does look messy and overwhelming at times when the rows are stacked a little too close together, a little more breathing space would be nice.App experiencePop ups can get annoying especially when you open the app for the first time in the day. You’re invited to play games (Lazland), unlock exclusive vouchers by cracking eggs (LuckyEgg), spinning wheels for chances to win things… it can get pretty overwhelming. Tabs are easy to navigate: Home, Fashion (Taobao Fashion), Messages, Cart and Account.For Taobao Fashion and they’d have Buy X for -X% off and Free Shipping.Via popups, it’s easier to collect daily and weekly vouchers compared to the website.ReviewsReview quality have taken a bit of a downward turn when Lazada started providing phrases and words — which I believe it was meant to help reviewers if they’re at a loss for words (e.g. dumb as rocks and can’t string a few sentences together) But now people could just spam these phrases and be done with it. So it does get a bit hard to make a purchase from a vendor when you’ve no quality reviews to go by.GamesWhen you’re passing the time and have nothing better to do, some games aren’t too bad.MergeBoss, GogoMatch, LazFun, Crack & Win, CapyBistro and StyleStar. I’ve only tried MergeBoss - addictive and GogoMatch - you’re able to earn some LazCash which shaves off cents off your purchases. Product catalog Pretty vast when all things considered, though it may not compare to Shopee in terms of product catalog scale as Shopee has more vendors with more options but I still find most of what I need on Lazada. Certain vendors such as indie shops and artists have a higher likelihood of being on Shopee than Lazada. Cancellations, returns and refundsI’ve only made cancellations and requested for returns or refunds within reason. With sufficient photo proof and acting promptly (+ being sure to return products in the state which it came in), I haven’t had issues. Lazada has allowed me to return items and refunds have been relatively prompt. Tracking and shipping servicesAll good at the time of this review. Parcel tracking is constantly updated and couriers would send me a message when my parcel has been delivered."
Jessie Chee,2025-05-23,LAZADA KEPT DEDUCTING FROM MY SALES AND TO PAY FOR THE PROGRAM THAT I DIDNT EVEN SIGN UP FOR. EVEN I HAVE DOUBLE CHECK EVERYTHING AND MAKING SURE I STOP ALL THE AUTO SIGNUP THAT THEY DID WITHOUT MY KNOWLEDGE. NOW THEY SAID I HAVE OVERUSED THEIR CREDIT AND IT WILL BE DEDUCTED FROM MY SALES. BASICALLY THIS IS STEALING! AND I AM DOING CHARITY FROM SELLING!!!! HOW FAIR IS THIS?
Mr. Man,2025-04-28,Simply useless
Pavanan,2025-04-25,Very very poor service and poor customer service. 10 plus years with them but such useful service
Krissa Palma,2025-04-24,"LAZADA Malaysia has poor customer service and they also had hold of your money even the item wasn’t received by the customer, refund and cancellation by scammed seller, was tolerated. Customer has the right to get their money once the item wasn’t received but it takes months already I haven’t received my money. It’s only a small amount but the trust is the issue here . I can’t put my trust anymore."
Lee Chee Seng,2025-04-08,"I have requested Lazada customer service to arrange pickup from my location for over a week but nothing happened except for empty assurances.I am considering a switch to other alternative online platforms eg. Shopee ,Temu etc.after a terrible experience with Lazada."
Elaine Khoo,2025-04-03,I HV bn writing 9 times at least with each n every detail n I dnt get the refund. They play musical chess and keep creating new case no's until my original case no disappear so no case to claim. Hot line play musical chess from one to another. I have proof of all my correspondents are are willing to supply to any com or review with all my proof . Why deal with Lazada n get refund issue. I used them 7 years n stopping now...frightening....
Li Wei Lim,2025-03-29,"I had been using the platform without problem for several years. Items ordered, order gets delivered and I mark as delivered after checking the items, and platform will pay the seller. If I do not mark the item as delivered, it will be automatically marked as delivered and the money will be released to the seller after a certain period of time. There has been several times items are out of stock and the sellers would inform me to file the refund upon receiving and I got my money back without a problem. My recent problem occurred when the seller sent an incomplete parcel, where I then filed a refund upon receiving. The seller told me to cancel the refund claiming that they’ve sent a replacement for the missing item. Trusting the seller, I cancelled the refund request and later found out from the seller who blamed the logistics for losing the item and there’s actually no replacement being sent out after I asked for the tracking information of the replacement item.  I tried again to raise a refund and was denied by the platform even after going through customer service. (Twice)Hence, with the platform AND the seller holding no accountability for this issue, I practically paid for something I did not receive and there’s no way of getting the money refunded. Update on 29/3/2025: Seller did made a reshipment from their warehouse and that item arrived this morning. I did receive the purchased item eventually. However, my experience in the refund process made me realise the amount problematic aspects in this e-commerce platform. The platform is not impartial and showed to be protecting the sellers more than the customers. If the seller refused to refund the money, the platform will protect them instead of customer's wish for a refund. Hence, purchase with caution on this platform."
Janick Rei,2025-03-20,"AN EPITOME OF THE INFAMOUS SOUTHEAST ASIAN FRAUD. Ordered a high value item from Lazada in the Philippines. The seller, turned out to be located in China, instead of the item i ordered sent a useless worthless piece of plastic of unknown purpose. I opened a claim with Lazada, sent that plastic piece back. Lazada refused to refund siding with the seller. In all indications Lazada colludes with fraudsters in China to scam buyers. Please stay away from that cabal."
Pablo Hernandez,2025-02-24,"SCUM... I ordered a product , told me would arrive 2 days later and the product never arrived.Lazada is a scum, now I don't know how can I get my money back which probably I will not be able to do it."
Yulia,2025-02-22,"I ordered four identical items, but Seller only sent me two! Instead of categorizing this as a ‘missing item’ issue, their incompetent agent, Nabila wrongly labeled it as a ‘wrong item’ case. How does that make sense when the items I received are correct but incomplete? Now, they expect me to return one item before they take any action—this is completely illogical!Nabila CS is an irresponsible and unethical customer service agent who only wants to close cases quickly without caring about customers' rights. Lazada’s poor handling of this issue, constant delays, and refusal to take responsibility prove how unreliable their service is. If you value your time and money, avoid Lazada!"
yykkll,2025-01-01,Force users to install Whatsapp for verification. Can't it just send verification code to email or via SMS? It is very stupid
Ernie Geefay,2024-12-31,"Customer reviews on Lazada are not often helpful.  The reviewers gets coins to write something.  So they write anything just to get the reward like: got the package. It was delivered quickly. Looks good etcThen to get more coins they take meaningless photos of the product box.Amazon does not reward customers for silly reviews so reviews on Amazon are genuine, detailed and helpful.  Plus Amazon reviews can be updated anytime in case the buyer wants to add his opinion after owning and using the productLazada should stop rewarding people for reviews that are meaningless.I notice Lazada now prompts reviewers with phrases of praise that they can use if they can't think of their own words.  This is even more meaningless"
Vivien W,2024-12-05,Lazada customer service is getting worse and worse. I ordered an item and it allowed for change of mind. I applied for a refund within a day and the dishonest seller sent it to dispute and stupid lazada took the side of the dishonest seller. What does change of mind mean if one cannot return the item within a day and it was even clear that the advertisement lies about the product. Disgusting company
Kim,2024-11-13,"The original return airwaybill for an item was defective on the Lazada app. When trying to return the defective item after speaking to the helpful seller, the return was accepted and drop off to our closest point was selected since per the map, it was only 1km away. Lo and behold the closest drop off for J&T courier ended up being 6.2km away (20 mins by car) with the other locations on Lazada app being permanently closed. When we reached the courier the return airwaybill in the app did not work. Immediately on 2Nov we contacted Lazada for a new return airwaybill. Spoke to Evelyn. Told to wait and new one will be sent in 2-3working days. 4Nov spoke to Eliza. 12Nov spoke to Rose since new returm airwaybill still not received. Emphasised the last date of return in the app is 13Nov. Rose managed to get the airwaybill sent within the day as promised but when we tried to use the airwaybill again did not work! Finally spoke to Sita 13Nov and still no resolution. Even refund is not allowed, cannot speak to manager, unable to switch from drop off at courier to pickup from site. Frustrating trying to wait for customer service to respond, waste of time and petrol travelling. Very disappointed as long time customer. Will be switching to competitor platform for purchases."
Tony Fink,2024-11-02,"For all those who have been scammed by Lazada’s sellers complain to the FTEB, address and                             below. Their email address is on their webpage. My message to Lazada follows: Please advise your CEO that your company has been reported to the Fair Trade Enforcement Bureau (FTEB), as it is about time Lazada Philippines did something about the high number of scam sellers, advertising branded products but delivering counterfeit and fake items, you have your system. You have on your database hundreds of products for sale, at prices, it is obvious they are scams so why are you allowing this and why are you not doing something about it? So many items are being advertised that are so cheap they cannot be real. Mobile Phones for under a P100 are just one of the many examples. I for one, (and this is my formal complaint to the FTEB) purchased an OPPO phone for just under P1700 and that turned out to be a fake. To get my money back, I have to wait 5 days for the seller to agree, and if he does not then a further wait until the seller agrees to the refund, and if he does not I have to wait a further period for Lazada to investigate.  Even then the refund gets put into my wallet, not a cash refund to my bank account. Disgraceful as this is, in my opinion, putting into the wallet, is getting the customer to use the money to make further purchases rather than giving the option to send it immediately to the purchaser’s bank account.LAZADA should carry out checks to assess their sellers' honesty and integrity. I have identified many so I think by looking at buyer’s reviews and complaints, they could easily identify and hopefully block them. I have asked the DTIs (PH) Fair Trade Enforcement Bureau (FTEB), being the proper agency that has jurisdiction to investigate and can best handle my concern. I am also recommending anyone who has similar problems do the same to make Lazada do something about all the fake products being advertised as other genuine branded products. I will publish their details in every media outlet so people are pre-warned. Their email and address is as follows1-3F UPRC Bldg.,315 Sen. Gil J. Puyat Ave., Makati CityTelefax: (+632) 7215.1165Cellphone: (0917) 137.3796"
Krishen Devaser,2024-10-15,"Wanted to pay into Lazada wallet so I didnt expose my credit card information. Got the barcode from Lazada on 13.10.24, went to a 7-eleven, paid RM500 into the account and got a receipt. Checked Lazada and didnt appear in the wallet. On checking the next day, still no credit in the Lazada wallet. Checked with RAZER from 7-eleven and was told the amount had been credited in Lazada. Checked again this morning and RAZER confirmed paid to Lazada. Got an email from Lazada to say never received the money!!!! This gives me the impression that I have been duped and cheated. Never faced this problem with ShopeePay."
Jean Tan,2024-10-09,Have been liaising with Lazada’s customer service agents numerous times to cancel my order which has not been delivered at all within reasonable expected timeline but to no avail. Just wasted more time liaising with another agent Zoe in the evening on 9 Oct 2024 who even lied saying will help place a cancellation request and an email will be sent for this purpose to me. But no email received and order still shown as outstanding to-date!
ali zuhair,2024-09-21,This is the best online plate form to buy things . They describe the item in detail. Size  colour weight and photos.
Sailor,2024-08-16,Unbelievable incompetent team. They ask you to give your credit card number to charge a fee for the service. Unbelievable! They messed up and the customer should pay. Never again Lazada!
Chris,2024-08-08,"After sending images of Airway bill and contents of package which contains the wrong item (Aptamil milk which I ordered vs Dumex Mamil milk powder which was delivered) as per the request, I'm now asked to:● Video Unboxing: To record a video of myself unboxing the product and showing its contents. This will help them verify the authenticity of the product.● Resi Proof (Resi Photo): To take clear photos of the product's packaging and label, including any serial numbers or barcodes.● Product Photo: To take clear photos of the product from different angles, including any unique features or markings."
Janice Tan,2024-07-28,"Dispute on Return/Refund should only be performed with Lazada and not with Seller, what more automated machine! Recently, my claim on purchased of a 1.8L nonstick rice pot plus steamer was rejected, apologised and dat seller will do best to improve their quality. Who cares when my reason rejecting was due to noncompliance of Seller item to SIRIM/Suruhanjaya tenaga (power plug no fuse, can cause short-circuit or even burnt down my house!). Seller even pointed out dat the item was correctly delivered as ordered despite my rationales and snapshots of unsafe plug issue. Real ridiculous! Wouldn't want to recommend Online buying with no guarantee and no humanity. Think can visualise what is more scary coming, in future, for me, I felt being scammed  (item became white elephant n money loss)."
Willybwonka,2024-07-09,refunded items. they cant give back money so they give coupons which expire instead. no warning of expiration on the refund coupons even. lazada is a predatory company that only accepts your money and cant give it back when the items you receive are bad or faulty. take it on your own risk. terrible platform. go to shopee instead or somwhere else to buy stuff online.
Boon Seng TAN,2024-07-03,"It is easy to buy and pay, just very difficult to receive the good. After ordering, nothing happens for a few days and the help page says there is a track button. After a few anxious days wondering I was scammed, the button appears. It work for a while and all of a sudden it says delivered, but I have no notification of where (my condo security says receive nothing). I track to lazada ""delivered but no package"" and filled a form. Then someone replied after 12 hours and I asked for photo evidence of delivery. Then I realized that they put it in delivery box (boxplus) and by then I am 24hrs late and need to pay a late fee. I should have buy from Shopee, wasted so much time with lazada"
Syazwani Robangi,2024-05-16,"Always have good experience with Lazada seller. The bottom line, choose your seller wisely. Read comment, check their legitimacy, look at the courier services that they use etc. It is so annoying to read only complaint about delivery and return. I wanted to know about the product. People only care about delivery. If the delivery is fast then they are happy even though the product is ridiculous and not meet the expectations or as described. Not talking about the product at all. So annoying. The delivery is usually not directly under the seller control unless they send it themselves. People also need to have a common sense and be realistic about the price and the expectation. If you paid for so little don’t expect you get something luxury, good quality etc. If you paid a lot and you got something ridiculous then you should complain."
Robert Johnson,2024-03-15,Phone not answered. Pages I tried down. Issues logging in. The AI chat is not fit to be online and returns unrelated replies to any question. Site displays out of date offers. No support whatsoever. It's a mess and should be pulled from the Web.
Qin Tiong,2024-03-12,"Good online shopping experience, response fast, and items condition good"
Soukchaleun Chakvisetsin,2024-02-16,"Platform for sellers and department storesLazada offers sellers of all sizes a platform for big brands, sometimes smaller ones can list products in a wide range of categories such as multifunction devices, electronics, housewares, children's products, food and machine There's a lot of scrutiny when choosing a product.Ordering and ShippingLazada has the order management and shipping systems required to achieve sales and support that also includes customer service and returns management.wallet"
Jeff Gan,2024-01-26,"The customer service is non existent. They are just a sad competitor to Taobao. Whereas Taobao has live customer service, Lazada just passes you on to a robot. The delivery of the vendors are pathetic, sometimes taking well over 4 weeks and Lazada has totally zero control. I will not be using this platform anymore"
Truth B Told,2024-01-22,This is the worst online shopping app in the world. Customer support doesn’t even respond to queries that arise from customers. They might’ve laid off humans and replaced them with AI that doesn’t understand human’s feelings . And they partner with slow couriers like PosStore that do not deliver parcels on time. I will never use and recommend this platform to anyone.
NSV,2023-12-14,"Lazada is refusing to do a return for items because today is the 3rd day of the “no return policy”. Basically, they said I can do a return up to 3 days of receiving a product and today was day 3, but they refused. I asked for a manager twice and was refused. The agent shut me down quickly to end the chat and “give me feedback later”, but he just didn’t want to assist me."
Sarah,2023-10-20,Lazada keep blocking my payment and blaming my bank but it’s them blocking me. I feel bad for the sellers on this site because they would get more sales if Lazada stopped blocking their customers purchases! What a stupid site!
Syaf Jamaludin,2023-08-06,"After spending 10k myr monthly in lazada, my account got blocked just because i login to my mom’s account to buy her personal stuff using my phone. Now even worse, my mom’s account got blocked too! Spoke to Marina, Aleena, Sophia, and all Tom, Dick and Harry in Customer Service chat but end up stating i’m not allowed to use multiple account. I guess because both our account has unused cashback that they never intend to honour. Blurgh, tiktokshop or shopee is the way to go! Boooo lazada! Boycott at all cost!"
mx sb,2023-07-27,"I wouldn't give Lazada Malaysia a single star. It is the most incompetent outfit. Its ""agents"" (like Sophia -- laughable) is just plain incompetent. Keeps beating about the bush when I tried to explain to her online that Lazada has scammers (like wLT1evCS) operating on its platform. wLT1evCS connived with Ng Marketing in Skudai, Johor, who sends you cheap Chinese garbage and scams you for more money through Flash Express who brushes you off when you launch a complaint. Lazada won't take any responsibility. I never dealt with Ng Marketing at all, yet he managed to get all my details. And the only one who has all my details is wLT1evCS. wLT1evCS won't ever respond to your inquiries. He has something to hide, of course. Ng Marketing is wLT1evCS's accomplice. I'm giving Lazada the boot where it hurts the most! Lazada is loose with the truth and plays ignorant.  So are wLT1evCS and Ng. They are all immoral. Be warned -- unless you are happy to be scammed by Lazada and its ilk pretending as ""sellers"". Stay clear of Lazada Malaysia, of wLT1evCS and Ng Marketing. They'll morph their operation and return to scamming again, I am sure, and Lazada will allow them back on its platform."
Matthias Siva,2023-07-19,This is not the 1st time buying from Lazada and sellers table was damaged but could not get a refund. Bad service from Lazada always Need to improve their customer service Bad quality things all the time
Grant Adamson,2023-05-23,"Twice now I’ve received empty boxes from Lazada..the first time they refused a refund due to lack of evidence…this time I’m being asked to return the empty box. The company is a joke, I’m a regular customer, but I’ve had enough, I’m going to Shopee!"
Sheriff Lobo,2023-04-25,"Last month, March 2023, Lazada kept sending me notifications via the app.I lost 2 Gigabytes of data.I have already uninstalled the Lazada App.IT,'s A USELESS APP."
David Stroebe,2023-04-17,"lazada calls themselves the 'amazon of thailand'.  well, it is partially true as they have an enormous amount of products.big difference though.  Amazon is very 'buyer' oriented whereas lazada is very 'seller' oriented.  if you want to return something on Amazon, it's NO problem at all to do.  whereas with lazada, you want to return something and lazada (who gives 7 day return policy) then goes to seller to ask if product can be returned.in my case, i bought qty 3 of a product from lazada.  of the three products, two were defective.  i sent a return request and to my surprise and disappointment lazada said they would ask  the seller if ok.  the seller rejected my return request.  so i am stuck with faulty product.  nos that is LOUSY customer service.  so BEWARE of what you buy cause you may or may not be able to return it for whatever reason...their 7 day return policy is pure marketing hype."
Naturalista MY,2023-04-15,"We started as a 'Lazada seller' bringing all kinds of good reviews of supplements from the USA. As a side-income business, it went well till many scammers started to take advantage of saying we sent the wrong products and asking for a refund. And Lazada doesn't want to take any responsibility or actions on how to find solutions for fixing all these messes from logistic companies, sellers, or buyers. Lazada customer service is horrible! In the end, most sellers have to absorb the losses. They are no longer a trustworthy e-commerce platform for sellers or buyers anymore. STAY AWAY from Lazada! Not to mention Lazada charges sellers for high commissions & shopping fees."
Nicolae Ursu,2023-01-03,"Seller sent me the wrong product now I received a notification someone came to pick it back but I didn't see anyone, waste of time, also they said money would be refunded to lazada wallet, what do i do with that?"
zzzzzz,2022-12-27,Lazada system is really not effective at all even if I’m cheated I even need to take series of steps to get my refund. Obviously I’m cheated no point i need to get these troublesome.
Pol Polto,2022-12-09,"We have used Lazada over the years. In recent times we have been sent the wrong item by scammers three times. The first time I only received my money back after three months of calling customer service. This year we have been scammed twice and Lazada have refused to refund us, even though evidence has been sent and the item taken back.The customer service is abysmal - what do they do to these people that they cannot function as normal human beings and solve simple problems?Lazada seem to want to reward scammers more than they want to retain their customers. I have had enough of their poor service and stealing from their own customers. Online shopping is supposed to be about convenience - instead of getting what I ordered I have to spend hours upon hours getting nothing from customer service. Time to start telling others about how bad they have been and then move 100% to Shopee."
Wesley,2022-10-26,"My first experience with Lazada and the last one since the package is marked as delivered, without anything being delivered to me or the guards. Customer service is pretty weird with a form that asks for information like an order number, in a field that you can’t change. Added information about checking with the guards and having contact with the delivery guy, but still got an email to check with half the world to ask if it’s delivered somewhere else. The delivery guy made me go to the local Ibis hotel only to find out that my package isn’t there and apart from that it’s all weird blabla that isn’t English and doesn’t even sound like the Malay language the locals here use. Idk what’s going on but Lazada feels like a big scam taking your money, not delivering anything and then making it hard af to complain or get a refund."
Gur Ozsahinoglu,2022-09-27,Lazada sends me fake or missing items everytimethis time i ordered 2 hps lights1 of them didnt even come and now they expect me to refund back the item that i didnt even recievei lost around 500 dollarsnever use this brand and ali baba and never trust an asian
Melvyn Kanny,2022-09-22,I receive a wine chiller properly packed but when opened found it dented. I contacted Lazada via their online system and response has been very slow. After providing all the evidence it keeps asking for more evidence. There is zero customer care or service and no way of contacting them. The item is lying in the middle of my living room for over 1 week and still no response from Lazada. Moral of the story is Lazada should never be used to buy expensive items as you probably will end up the loser as they will try to wash their hands of the problem. A good lesson learnt!
L Y,2022-08-15,"I have been buying from Lazada for the past 5 years, and I see the improvement over the years, especially the return & refund is getting easier. The refund is approved immediately as long as I have a photo to proof the item is damaged. I don't even have to return the item. Lazada customer service is normally helpful and patient. I always get my problem solved with a call. Lastly, Lazada is always has the buyer's back. However, I hope Lazada has more product varieties."
Camie K.,2022-08-14,"1. Bad customer service, they only listen but do not solve problems.2. Dispute team is like a robot, have no common sense to make simple judgements.3. Lazada as a platform favor sellers, would let BAD QUALITY products and BAD seller flood their site, just for more $$$.4. Lazada has no clear rules and  policies about how seller should describe and make clear about products, so consumers get easily misled and get the wrong products all the time. Then, Lazada just reject your return request because they consider this a change of mind when you just want the right products. 5. Laughable operations, lax rules, no common sense team, bad quality products all over...Never using this site again. Beware all!"
carmen howard,2022-08-07,"The lack of Translation at the website and the discription of the items, ends in some bad choices or wrong orders. Like ordering brownies and got ONE (1) Brownie. The communication between seller and Lazada is very bad. A lot of broken pieces or wrong pieces. I think I have already lost $500, because of my temporary disability I can't always check boxes and ensembling the items right away.I been ask to change my review if I want a refund I said first the money back. The review was gone. I didn't took it downBut the most annoying thing is, it's most in Thai language and I really get it. We live in Thailand. But you can't copy and paste to translate any of the information and that is bad.I was looking for another Amazon and oh boy was I wrong...To say it in one sentence: Lazada is the worst online shopping what I have experienced and I shopped for business as well with AliExpress, Alababa and couple more. But Lazada topped them all with their zero+ customer service and website.Apparently I have to look for another online Shop. I am done with Lazada."
Paul Markose,2022-07-27,You won’t get good on time and customer are ask you to communicate the seller. But seller(Lotus) respond automatic message that they are preparing package on delivery day it self. Worst service I have ever seen.
Syed Yusof,2022-07-22,"Dear readers,Results from my checking on this lazada malaysia revealed that this company is not registered with ssm database and does not have a valid business address and office,staff and office contact no other than a customer service onli and their registered office is in singapore under alibaba plus i suspect they do not pay lhdn taxes and are operating illegally in our e commerce platform from the sky and the same applies to most of their sellers so BEWARE when buying from this website as if something goes wrong u will not get your refund and this is what happened to my son until this guy name sean even said V R NOT GIVING YR REFUND SO WHAT R U GOING TO DO .....imagine so arrogant and snobish company and i lost rm17k so avoid this company and this is my personal experiance and i am writing to inform what happen to me and in my case lazada ask to return the faulty guds to the seller and then they pakat or collobrate with the seller to deny our refund and forcing us to accept the faulty guds back and v refused and they even threathen wl make a police report if v do not accept the faulty guds back and even did not pay for the courier charges which they promise to pay.Imagine this is a pariah company.Lets all join and boycott this company and make them pay back all the refund monies they owe us.syed yusof"
Hugo,2022-06-27,"one star is still too much. 3 orders are cancelled in less than two months. The sellers refer to Lazada's distribution system.... the costumer cannot check that. What can you do? Chat with a BOT !!! Very usefull. Or call an expensive ""hotline""... There is no decent e-mail to communicate."
Brenda,2022-06-13,"Lazada never appreciated any kind of business from customers. Ordered chocolate when they arrived with all melted when we had a hard time to request refund! It took months for the customer service to try to find solution. Also, when the shipment got lost and missplaced, Lazada customer service did nooit help you. I would not recommend anyone to use nor spend a penny on Lazada at all. Just get out to the malls and get whatever you need face to face!"
Christophe Kajzar In Asia on T,2022-06-11,Never never never again Lazada. Twice I ordered a phone from this shop and twice something else came. I don't want an additional bank that hoards my money. None of these shops have anything to do with it. I feel abandoned and betrayed as a customer. I have no time for such games. And I still have little time to deal with online businesses like that. That was the last time I ordered anything from this store. And excuses you can scribble somewhere else.
Maria MN,2022-06-08,"LAZADA MALAYSIA AND POSLAJU ARE SCAMMERS! MY ITEM WAS STUCKED FOR 2 WEEKS AND SUDDENLY THE STATUS STATED DELIVERED BY POSLAJU, RECEIVED BY MY NAME. I DID NOT RECEIVED THE ITEM, I WAS NOT AT HOME, I WAS AT WORK. THERE IS NO PROOF OF DELIVERY!!!! I REPORTED THIS TO LAZADA. AFTER COUNTLESS OF USELESS CHATS AND EMAILS, LAZADA EMAILED ME STATING THAT THE ITEM HAS BEEN DELIVERED AND THERE IS NOTHING THEY WILL DO. EVEN THOUGH THEY COULDN'T PROVIDE A SINGLE PROOF OF DELIVERY! KARMA WILL CATCH UP WITH PEOPLE INVOLVED!"
Rohit Bammi,2022-05-27,"I wish there was a way to give a zero star or a negative star. An iPhone ordered on 11th May, for which delivery was promised between 16-18 May is not delivered on 27th May, and is stuck in the logistics centre waiting for a delivery courier to pick it up. I have spent a total of 4-5 hours on phone calls, wrote 9 emails, including personal ones to the CEO of Lazada Malaysia and the head of customer service, and there is no credible response. Cannot even cancel and get a refund, as they insist you have to wait 15 days from the time it was handed over to the last courier (one week after order) before you can even cancel.Completely useless marketplace with no accountability or ownership of any issues. Seeking legal recourse and lodging compliant with KPDNHEP.The government needs to fine Lazada, and if they don't mend their ways, arrange to shut them down."
Nadia Nasa,2022-05-26,"Worst e-commerce platform ever. Order 332181202634196. Very hard to get through their customer service,  their CLEO (bot) is USELESS. I have written and called but to no avail. My item has been delayed since 9th of May until today 26th of May without any explanation as to why there was a delay. Time of expected delivery was 17th of May, mind you that was 9 days ago! Their courier service is also the absolute worst! Failed attempt twice and no update till now. I am really disappointed with Lazada and will never use them again after this. Never."
Xaive,2022-05-20,"If you checked either the Google store or App Store, you can see that instalment payment is listed as one of the payment option. When you went to pay anything below RM500, you can see the instalment option is greyed out since you need to buying RM500 & above in order to unlock instalment; however when you keep adding until RM500 & above, instalment payment is gone MAGICALLY, poof, or more like poop! This is a fraud by false representation! Anyone can go and try this out, just try to buy something that below and above RM500 to check this out, but don't CHECK OUT! Can't hold myself for this double entendre. Hahaha"
Paulus Mambrasar,2022-05-18,I ordered on Lazada a camera! Lazada gave out my private details! A seller contacted me via WhatsApp and told me credit card payment is not possible! I should transfer the money! I was aware! Second time I choosed another seller and virtual billing! Fake contact via WhatsApp! They ask for shipment via code improvement! Next day I checked money was gone and the oder as well! I contacted Lazada! They informed me it's my fault! I asked for investigation! No investigation no refund! I them to take the products out! All the same; same camera cheap offer; no shipment cost!I warned them and they did not do anything to protect the next customer! I ask the to do fake order to see! Bit no reaction! I feel sorry for all the next customer getting raped by this method! After warning over and over in the customer service! Lazada kicked me out of the system!
Tse Vrah,2022-05-11,"recently request a refund because of false product. seller claim product is good & legit. base on what I have tested, it totally a false product. in our conversation chat, the seller totally admit that the product is use for mixing with another product, not by it self, so they totally sell something else, but not as advertise, but still claim that it tis the right product. after sending proof to lazada and issue a refund to seller, seller reject the refund, dispute, but lazada customer services reject the refund because they trust the seller vague proof. the evidence that the seller sent to customer services, is almost similar to what I sent to lazada customer services for evidence.  in what I saw, the proof provided by the seller to customer services is not clear. even when I dispute, the ability to upload image for evidence are so limited, only 3 image can be uploaded and you cannot upload a video at all. when seller sent their reason, I can see that they can sent up to 6 images. ( all this are in the communication history with lazada customer services, seller and buyer- BUT only accessible by the buyer after lazada REJECT the dispute not before). Lazada customer services sent me an email about the rejection. they also mention that, I can modify and resubmit the return request, but the is no such thing to click on, nothing. nothing I can do to modify and resubmit my refund request. I reply and email lazada customer services 2 times up until now, asking help to resubmit the return request...it been 2 day, no answer, nothing I can click on, even in lazada mobile apps. so the ""modify and resubmit the return request to seller by so and so day information"" is just a gimmick..because I cant do nothing.  in my experience, every online store associated with southeast Asian, most of the time they will side with the seller, especially bigger seller. most of seller positive review are trash, sometimes fake  and not informative at all. lazada seller review , the info are so stupid, broken and not trustable. even sometimes, when you click on the 1 star review or negative review, the review cannot be seen at all."
Muhammad Baqir,2022-05-09,liars bully bad service.. ignorance.. liar..
stephen holt,2022-04-29,"Buy cheap, Buy Twice I’m sure Lazada use an old tortoise to deliver items. Some orders due within a few days I waited 3 weeks for and still don’t have the items.Customer service, cancellations and returns are near impossible or non existent.Lazada is a big brown toilet poo poo show and should be avoided."
SUET NEE HOO,2022-04-06,"I'm totally dissatisfied with Lazada services and the delivery is crazy slow which make me very frustrated as they keep changing the delivery date. The worst thing is their robotic customer services which never help anything and keep ask customer to wait for the parcel to delivery. I have been waiting whole day for the parcel to be delivered to me today. Unfortunately i didn't get phone call or message from Lex My courier company for the parcel. End up, when i check against the status in Lazada, it stated ""RECIPIENT RESCHEDULE"". Hello, recipient never reschedule, LEX MY is the one reschedule and without any proper explanation or reason. So, please think twice if want to purchase from Lazada. This is my 1st time using Lazada due to a voucher and it will be my LAST time too."
Matthew Wong,2022-04-03,"Keep dragging and delaying the case. Requested for a manager callback to settle the issue.But asked a supervisor lied as a manager to call which can't make decisions and solve issue.Worse is calling from a breaking line, with dogs barking from background and talk with a frustration tone. Refused to pass to an actual manager or his superior after numerous calls,  chats and emails. Now ignoring all the communication. Is ABSURD.I wonder how LAZADA employed employees. The agents are blur and untrained. Keep repeating and requesting stuff like a robot.2 month going to be 3 months can't solved an issue of RM200?Absurd and Ridiculous. The CEO and the whole Lazada Group should know how unprofessional, untrained, sloppy and ridiculous their employees are.This Fra*co supervisor and pretend to be manager with the whole CS Team that try to covers up with his instruction ""maybe"" is really a scar and flaw in Lazada that is bringing the company's image and brand down to the drain.Contact Teh via phone call direct. Upper management, not your unprofessional, untrained, pretend to be manager.Case/Ticket ID: 2500000069045152 2500000070934694Verify Lazada acct info. via the below with the Case ID if your ridiculous team can get it.Email: teh********@yahoo.comI'm serious stepping up my viral of this. Is on a few websites now."
sahidul islam,2022-03-18,The worst-ever part is lazada customer service. No matter how you explained the matter they will reply Again and Again same things that is irrelevant to the question. Its like they are brainless! There brains are washed the way however whatever you asked you will get usual replies
SHAUN TZE TAY,2022-03-17,"Worse delivery servise ever had to deal with 2 very rude delivery drivers from both me and my.brotherMy experience - was expecting a delivery from a driver called Farhan Izzat (i dont mind exposing his name for the way he treated me . whoever gets him as your delivery driver god bless you) was so unresponsive . will not answer calls or whatsapp till i spam him and his only answer was please stop spamming me and blocked my number . IF YOU HAD RESPONDED TO MY CALL IN THE FIST PLACE I WOULDNT NEED TO SPAM YOU !mY BROTHER - HE CONTRACTED COVID AND HAS ASKED ME TO CONTACT THE DRIVER TO DELIVER THE NEXT DAY HE DIDNT RESPOND IF HE UNDERSTOOD OR NOT then he said my brother "" rejected the parcel and canceled my brothers order ""my brother and I work in sales and if we behaved the way they did . we would be fired the next day . RUDE DELIVERY DRIVERS AND DO NOT RESPOND TO THEIR CUSTOMERS MSG OR CALLS ."
Zippo Steel,2022-03-14,lazada and lex express service is very bad …. the item arrived at the distribution center on 2/3/22 but until 15/3/22 I still haven’t received the item … while I live within a radius of only 12km from the distribution center … ..lazada customer service doesn’t help at all … very bad experience … better to buy at shopee than lazada … not recommended to buy at lazada
Syafiq Samsudin,2022-03-13,Nobody cares about anything in the company. All call just for robots to give you standard answers. Incompetent at best
Valued Customer,2022-03-09,"Parcel delivery handled by LEX (Lazada ELogistics) initially. After 2 days of my order, it arrived distribution centre near me but still not deliver after sitting at distribution centre for 6 days. It was outsourced to Ninja Van thereafter. It took another few days to deliver. 1) My main complaint targeted to LEX. If you can't handle, please outsouce earlier!2) For late delivery, Lazada should offer both rebate and refund options. What's the point of just offering refund option as customer have to wait for delivery if to re-order from your competitor!"
Madeline Tan,2022-03-08,I asked for cancellation because the delivery was taking too long. Lazada said they will cancel but the next day they attempted to deliver. I refused the package but it is marked as delivered! Please refund me my money. This is daylight robbery!
Imran Muhammad,2022-03-01,Before service was ok now just we make order then saller don’t have stock after 10 days Saler said for refund we try to refund and lazada policy in 15 days we will refund what about 25 days wasting who care about time lazada maybe thinking and this is lazada behaviour now totally left from lazada
Zhe Yan Lau,2022-02-26,"Worst customer service ever. 1. Rude by addressing my full name, with copy paste.2. Keep argue its my error3. Ask me to restart wifi for payment issue when i am literally chatting with the person.4. Have zero knowledge on what may have caused issue.Never getting so angry over a customer service chat. Well done lazada"
Khalid Idris,2022-02-15,"I used this website a lot back when I was in Malaysia, there are a lot of issues with their services, for example they absolutely cannot contact their delivery drivers while they take their sweet time coming over to your place, sometimes you need to get in contact with them for a specific purpose but it's just not possible, I think some of their items offered are decent but the customer service could be a LOT better."
Jimmy Bross,2022-01-27,"All the useless customer services do is copy-pasting the FAQs from the website which we read and couldn't solve the problem, that's what they are for right?P.S. created a trustpilot account just to write this review so that everyone is aware."
WWWen,2021-12-16,"The poorest shopping platform ever, will uninstall Lazada once I have the problem resolved. The courier service just left the parcel at another house with same house number without calling to confirm the correct address and signed on behalf and deemed the delivery was completed all by himself! It is so hard to look for the Lazada customer service. The only fastest way is to post in facebook page and let them revert to you when they happen to see bad reviews. Otherwise, you cannot reach them through private message, email or contact number."
Vniverz Eric,2021-12-14,"I am a heavy Lazada user. I am from the USA, but live in Thailand. The availability of many quality products is severely limited in the land of Smiles. Therefore, online shopping is an essential part of everyone's consumer activity. In the past Lazada was, albeit marginally, so-so. But after it was purchased by Ali Baba the quality has plummeted. No Domestic searching anymore (which forces disreputable Chinese merchants on everyone), absolutely NO customer service, the ability for merchants to decline honest refund requests (such as damaged, or wrong goods) and a litany of other problems. After 4 years and tens of thousands of dollars of spending on this site I have decided to close my account and go to other sites such as Shoppee. I think my action is illustrative of the general malaise most customers now feel towards Lazada."
